plaka,ad,wikidata,enlem,boylam
1,Adana,Q40549,37.368333,35.706111
2,Adıyaman,Q43924,37.76,38.278611
3,Afyonkarahisar,Q45220,38.756667,30.539722
4,Ağrı,Q80051,39.718611,43.052222
5,Amasya,Q80036,40.650278,35.832778
6,Ankara,Q2297724,39.926389,32.856111
7,Antalya,Q40249,37.181667,30.933333
8,Artvin,Q43745,41.133333,41.85
9,Aydın,Q79846,37.728333,27.937222
10,Balıkesir,Q47117,39.740833,27.819167
11,Bilecik,Q46763,40,30.16667
12,Bingöl,Q79760,39.041111,40.675833
13,Bitlis,Q83239,38.525833,42.387778
14,Bolu,Q82089,40.679167,31.558333
15,Burdur,Q80088,37.423889,30.084444
16,Bursa,Q43690,40.15,29.020833
17,Çanakkale,Q47813,40.150556,26.411111
18,Çankırı,Q272662,40.735556,33.366111
19,Çorum,Q272947,40.552222,34.953889
20,Denizli,Q82096,37.84016,29.06982
21,Diyarbakır,Q83081,38.142222,40.271111
22,Edirne,Q83102,41.12,26.520556
23,Elazığ,Q483091,38.6675,39.359722
24,Erzincan,Q483173,39.678333,39.33
25,Erzurum,Q376797,40.063056,41.566944
26,Eskişehir,Q483053,39.6825,31.0725
27,Gaziantep,Q483154,37.08333,37.33333
28,Giresun,Q482779,40.579722,38.594444
29,Gümüşhane,Q482788,40.388056,39.418611
30,Hakkari,Q93209,37.466111,44.064444
31,Hatay,Q83274,36.2,36.15
32,Isparta,Q268043,37.956667,30.960833
33,Mersin,Q132637,36.678611,33.805278
34,İstanbul,Q534799,41.012222,28.976111
35,İzmir,Q344490,38.418889,27.129722
36,Kars,Q83077,40.454722,43.060278
37,Kastamonu,Q483191,41.519444,33.689722
38,Kayseri,Q483472,38.73695,35.49683
39,Kırklareli,Q131597,41.681111,27.471389
40,Kırşehir,Q134187,39.323889,34.129167
41,Kocaeli,Q83965,40.764444,29.945
42,Konya,Q81551,37.8725,32.491944
43,Kütahya,Q126874,39.304722,29.59
44,Malatya,Q131384,38.348056,38.317778
45,Manisa,Q130553,38.749444,28.122778
46,Kahramanmaraş,Q482834,37.898333,36.971111
47,Mardin,Q131293,37.31775,40.71533
48,Muğla,Q123934,37.030278,28.506389
49,Muş,Q131387,39.000556,41.827222
50,Nevşehir,Q430693,38.781667,34.688056
51,Niğde,Q155219,37.915833,34.693611
52,Ordu,Q483180,40.811389,37.540556
53,Rize,Q483481,40.931667,40.847778
54,Sakarya,Q83069,40.697222,30.456667
55,Samsun,Q483040,41.204444,36.007222
56,Siirt,Q482825,37.93,42.270278
57,Sinop,Q134413,41.609167,34.901944
58,Sivas,Q483100,39.750278,37.016111
59,Tekirdağ,Q129387,40.977778,27.518333
60,Tokat,Q483195,40.352778,36.564444
61,Trabzon,Q388995,40.780556,39.812222
62,Tunceli,Q620742,39.214722,39.471389
63,Şanlıurfa,Q388469,37.254167,39.0425
64,Uşak,Q483078,38.523889,29.341944
65,Van,Q80550,38.501111,43.373056
66,Yozgat,Q75445,39.669444,35.269167
67,Zonguldak,Q219956,41.320556,31.733611
68,Aksaray,Q83073,38.430833,33.862222
69,Bayburt,Q483063,40.236667,40.223611
70,Karaman,Q482975,37.016667,33.083333
71,Kırıkkale,Q484392,39.869722,33.716111
72,Batman,Q80370,38.081944,41.407222
73,Şırnak,Q647378,37.519167,42.454167
74,Bartın,Q83342,41.604444,32.511111
75,Ardahan,Q79840,41.113056,42.820833
76,Iğdır,Q125506,39.893611,43.997778
77,Yalova,Q483083,40.644167,29.193611
78,Karabük,Q483168,41.223611,32.640278
79,Kilis,Q128978,36.800833,37.123889
80,Osmaniye,Q281206,37.228056,36.2125
81,Düzce,Q432391,40.946944,31.238056
