ilce_id,plaka,ad,wikidata,enlem,boylam
101,1,Aladağ,Q911286,37.546389,35.398611
102,1,Ceyhan,Q2784562,37.033333,35.816667
103,1,Çukurova,Q272948,37.04939,35.27102
104,1,Feke,Q2525100,37.8,35.9
105,1,İmamoğlu,Q2082058,37.258611,35.672778
106,1,Karaisalı,Q533294,37.2558,35.0593
107,1,Karataş,,,
108,1,Kozan,Q1911402,37.45,35.8
109,1,Pozantı,Q1004432,37.427778,34.871111
110,1,Saimbeyli,Q1017381,37.984945,36.089983
111,1,Sarıçam,Q1430729,37.040323,35.419341
112,1,Seyhan,Q49108856,36.9554,35.21637
113,1,Tufanbeyli,Q49109651,38.27343,36.22731
114,1,Yumurtalık,Q1884223,36.7675,35.791389
115,1,Yüreğir,Q765123,36.985556,35.337222
201,2,Besni,Q2411923,37.695972,37.864167
202,2,Çelikhan,Q116449235,38.033333,38.25
203,2,Gerger,Q2408119,38.033333,39.033333
204,2,Gölbaşı,Q2686000,37.783194,37.645556
205,2,Kahta,Q15989053,37.8006,38.7111
206,2,Merkez,Q13428422,37.755603,38.275672
207,2,Samsat,Q2797741,37.580833,38.482083
208,2,Sincik,Q28076961,38.032785,38.623508
209,2,Tut,Q116044330,37.8,37.916667
301,3,Başmakçı,Q116548197,37.883333,30
302,3,Bayat,Q1910298,38.986408,30.923872
303,3,Bolvadin,Q1915508,38.716667,31.05
304,3,Çay,Q116548210,38.583333,31.033333
305,3,Çobanlar,Q1948398,38.701389,30.782778
306,3,Dazkırı,Q116609269,37.916667,29.866667
307,3,Dinar,Q116609383,38.066667,30.166667
308,3,Emirdağ,Q18433361,39.022361,31.152361
309,3,Evciler,Q2716780,38.036389,29.885694
310,3,Hocalar,Q116633372,38.566667,30
311,3,İhsaniye,Q116634166,39.033333,30.416667
312,3,İscehisar,Q49110554,38.902833,30.75001
313,3,Kızılören,Q116632930,38.25,30.15
314,3,Merkez,Q1911729,38.767049,30.53104
315,3,Sandıklı,Q2423834,38.468758,30.272439
316,3,Sinanpaşa,Q116634390,38.75,30.25
317,3,Şuhut,Q2095388,38.532917,30.546944
318,3,Sultandağı,Q4344916,38.532639,31.230694
401,4,Diyadin,,,
402,4,Doğubayazıt,Q2301990,39.549028,44.078889
403,4,Eleşkirt,Q13576309,39.800694,42.671389
404,4,Hamur,Q116674263,39.616667,43
405,4,Merkez,Q13432975,39.717917,43.050278
406,4,Patnos,Q116674347,39.233333,42.866667
407,4,Taşlıçay,Q116674072,39.633333,43.383333
408,4,Tutak,Q2785017,39.5475,42.771204
501,5,Göynücek,Q116730300,40.383333,35.516667
502,5,Gümüşhacıköy,Q116736245,40.866667,35.216667
503,5,Hamamözü,Q116730107,40.783333,35.033333
504,5,Merkez,Q21810719,40.639982,35.84459
505,5,Merzifon,Q2123173,40.875,35.463333
506,5,Suluova,Q116736000,40.833333,35.65
507,5,Taşova,Q49109452,40.77,36.330833
601,6,Akyurt,Q49100504,40.141389,33.0975
602,6,Altındağ,Q682981,39.945833,32.856111
603,6,Ayaş,Q49100994,40.024722,32.340833
604,6,Bala,Q264105,39.557009,33.121041
605,6,Beypazarı,Q2196741,40.157679,31.919827
606,6,Çamlıdere,Q49110402,40.5,32.48
607,6,Çankaya,Q2455942,39.890785,32.848074
608,6,Çubuk,Q49110497,40.239722,33.046944
609,6,Elmadağ,Q2671994,39.922917,33.237361
610,6,Etimesgut,Q1029159,39.948889,32.661667
611,6,Evren,Q49103408,39.03,33.797778
612,6,Gölbaşı,Q49103874,37.79,37.65
613,6,Güdül,,,
614,6,Haymana,Q49104083,39.440278,32.488611
615,6,Kahramankazan,Q2318164,40.18751,32.66327
616,6,Kalecik,Q49105166,40.106389,33.419722
617,6,Keçiören,Q1021220,39.977666,32.867015
618,6,Kızılcahamam,Q1020663,40.470278,32.653056
619,6,Mamak,Q2055274,39.934722,32.896944
620,6,Nallıhan,Q49106812,40.194444,31.363056
621,6,Polatlı,Q14141584,,
622,6,Pursaklar,Q3056514,40.03863,32.89692
623,6,Şereflikoçhisar,Q49110627,38.954444,33.548056
624,6,Sincan,Q1020659,39.967778,32.579722
625,6,Yenimahalle,Q1865363,39.966144,32.808752
701,7,Akseki,Q15989046,37.0519,31.7842
702,7,Aksu,Q3710598,36.937303,30.829954
703,7,Alanya,Q1635214,36.530865,32.011545
704,7,Demre,Q2612378,36.244722,29.987222
705,7,Döşemealtı,,,
706,7,Elmalı,Q49103271,36.746389,29.923333
707,7,Finike,Q49103504,36.42355,30.06645
708,7,Gazipaşa,Q13640468,36.268611,32.314444
709,7,Gündoğmuş,Q49103928,36.82446,32.00679
710,7,İbradı,Q343150,37.1075,31.609722
711,7,Kaş,Q2413977,36.200278,29.639444
712,7,Kemer,,,
713,7,Kepez,Q727065,36.93714,30.71231
714,7,Konyaaltı,,,
715,7,Korkuteli,Q2225198,37.064444,30.196944
716,7,Kumluca,Q1954421,,
717,7,Manavgat,Q2218182,36.789167,31.448611
718,7,Muratpaşa,,,
719,7,Serik,Q1850419,36.916667,31.1
801,8,Ardanuç,Q2405579,41.137778,42.066667
802,8,Arhavi,Q15960747,41.348333,41.319444
803,8,Borçka,Q2589142,41.359444,41.676389
804,8,Hopa,,,
805,8,Kemalpaşa,Q116776935,41.483333,41.533333
806,8,Merkez,Q13430625,41.180556,41.819167
807,8,Murgul,Q116788501,41.283333,41.566667
808,8,Şavşat,Q49110614,41.249444,42.369444
809,8,Yusufeli,Q49110308,40.820278,41.542222
901,9,Bozdoğan,Q896138,37.672778,28.310278
902,9,Buharkent,Q49101437,37.973889,28.751389
903,9,Çine,Q49110486,37.622778,28.067778
904,9,Didim,Q49102835,37.39305,27.29357
905,9,Efeler,Q1911792,37.85,27.843333
906,9,Germencik,Q1868386,37.871944,27.601389
907,9,İncirliova,Q49110539,37.8625,27.729722
908,9,Karacasu,Q49105255,37.747222,28.593889
909,9,Karpuzlu,Q49105310,37.568889,27.840833
910,9,Koçarlı,Q1635301,37.760833,27.706111
911,9,Köşk,Q49105720,37.863333,28.056389
912,9,Kuşadası,Q1911818,37.859722,27.259722
913,9,Kuyucak,Q2930323,37.913889,28.46
914,9,Nazilli,Q2252014,37.915833,28.325
915,9,Söke,Q49109217,37.758611,27.413056
916,9,Sultanhisar,Q49109159,37.899722,28.174167
917,9,Yenipazar,Q49110200,37.833333,28.184444
1001,10,Altıeylül,Q16028029,39.645278,27.883333
1002,10,Ayvalık,Q2438701,39.319444,26.694444
1003,10,Balya,Q2598790,39.75,27.583333
1004,10,Bandırma,Q1826014,40.35,27.966667
1005,10,Bigadiç,Q2248715,39.3925,28.131111
1006,10,Burhaniye,Q2329262,39.5,26.95
1007,10,Dursunbey,Q1014114,39.587778,28.6275
1008,10,Edremit,,,
1009,10,Erdek,Q109660219,,
1010,10,Gömeç,Q2598762,39.391111,26.84
1011,10,Gönen,Q4989036,40.114444,27.670278
1012,10,Havran,Q3165044,39.558333,27.098333
1013,10,İvrindi,Q2598753,39.583333,27.484444
1014,10,Karesi,Q49105295,39.766389,27.835833
1015,10,Kepsut,Q2447988,39.688889,28.152222
1016,10,Manyas,Q2473795,40.055556,27.978333
1017,10,Marmara,Q957486,40.5875,27.555278
1018,10,Savaştepe,Q2384358,39.383889,27.654722
1019,10,Sındırgı,Q2145356,39.233333,28.166667
1020,10,Susurluk,Q49109198,39.923333,28.143889
1101,11,Bozüyük,Q49101408,39.918056,30.051111
1102,11,Gölpazarı,Q49103887,40.295556,30.333889
1103,11,İnhisar,Q49110545,40.05091,30.38368
1104,11,Merkez,Q2499235,40.146944,29.981667
1105,11,Osmaneli,Q13970966,40.3675,30.026944
1106,11,Pazaryeri,Q2536721,40.004444,29.920556
1107,11,Söğüt,Q1911884,40.024722,30.173056
1108,11,Yenipazar,Q2023432,40.189444,30.508333
1201,12,Adaklı,Q116824651,39.233333,40.55
1202,12,Genç,Q2369670,38.759722,40.566389
1203,12,Karlıova,,,
1204,12,Kiğı,,,
1205,12,Merkez,Q1812528,38.918042,40.511927
1206,12,Solhan,Q49109081,38.969722,41.056111
1207,12,Yayladere,Q116824410,39.216667,40.066667
1208,12,Yedisu,,,
1301,13,Adilcevaz,Q49100380,38.805833,42.736667
1302,13,Ahlat,Q15981193,38.754444,42.488056
1303,13,Güroymak,Q49103938,38.5775,42.02
1304,13,Hizan,Q2186592,38.229444,42.430556
1305,13,Merkez,Q2550582,38.372988,42.109106
1306,13,Mutki,Q1860747,38.409722,41.923056
1307,13,Tatvan,Q2214840,38.491667,42.289167
1401,14,Dörtdivan,Q116909460,40.716667,32.066667
1402,14,Gerede,Q49103672,40.71364,32.31263
1403,14,Göynük,Q2664051,40.401528,30.784444
1404,14,Kıbrıscık,Q116947587,40.4,31.85
1405,14,Mengen,Q1881719,40.936389,32.071111
1406,14,Merkez,Q2680945,40.733611,31.611111
1407,14,Mudurnu,Q2734899,40.465,31.211667
1408,14,Seben,Q2671094,40.421667,31.583056
1409,14,Yeniçağa,Q4456549,40.777778,32.049167
1501,15,Ağlasun,Q3454393,37.653056,30.535185
1502,15,Altınyayla,Q49100571,37.003611,29.550278
1503,15,Bucak,Q13635219,37.461528,30.590972
1504,15,Çavdır,Q116824523,37.15,29.7
1505,15,Çeltikçi,Q2936211,37.533611,30.482917
1506,15,Gölhisar,Q2464730,37.148889,29.516944
1507,15,Karamanlı,Q49105275,37.375278,29.822222
1508,15,Kemer,Q49105421,37.356667,30.05875
1509,15,Merkez,Q2198994,37.687633,30.258027
1510,15,Tefenni,Q2187253,37.320278,29.780278
1511,15,Yeşilova,Q116824790,37.5,29.75
1601,16,Büyükorhan,Q2473756,39.77,28.886111
1602,16,Gemlik,Q2392065,40.4351,29.14943
1603,16,Gürsu,Q2384475,40.2144,29.1931
1604,16,Harmancık,Q49104043,39.67743,29.15523
1605,16,İnegöl,Q2083281,40.046382,29.525196
1606,16,İznik,Q1911918,40.428889,29.72
1607,16,Karacabey,Q49105251,40.222778,28.366667
1608,16,Keles,Q2473777,39.913611,29.229444
1609,16,Kestel,Q2607431,40.200833,29.2125
1610,16,Mudanya,Q2458104,40.33342,28.77218
1611,16,Mustafakemalpaşa,Q719537,40.035278,28.411667
1612,16,Nilüfer,Q49106944,40.21375,28.98464
1613,16,Orhaneli,Q1948420,39.9,28.983333
1614,16,Orhangazi,Q49107350,40.499722,29.311944
1615,16,Osmangazi,Q49107396,40.27053,29.00223
1616,16,Yenişehir,Q1817979,40.269255,29.654285
1617,16,Yıldırım,Q2598734,40.190099,29.097653
1701,17,Ayvacık,Q2574078,39.600694,26.400556
1702,17,Bayramiç,Q2456447,39.812917,26.614722
1703,17,Biga,Q15966457,40.24344,27.233174
1704,17,Bozcaada,Q10259759,39.821944,26.028889
1705,17,Çan,Q49110410,40.03875,27.058194
1706,17,Eceabat,Q49103159,40.183333,26.35
1707,17,Ezine,Q16698797,39.796667,26.356944
1708,17,Gelibolu,Q1966963,40.416806,26.666806
1709,17,Gökçeada,Q1559296,40.182809,25.883766
1710,17,Lapseki,Q49106069,40.334722,26.711667
1711,17,Merkez,Q1967623,40.105125,26.444593
1712,17,Yenice,Q2498142,39.942222,27.265278
1801,18,Atkaracalar,Q49100932,40.816667,33.066667
1802,18,Bayramören,Q117272495,40.95,33.2
1803,18,Çerkeş,Q117286370,40.8,32.883333
1804,18,Eldivan,Q117286288,40.533333,33.5
1805,18,Ilgaz,,,
1806,18,Kızılırmak,Q49105520,40.344167,33.988194
1807,18,Korgun,Q117289817,40.733333,33.516667
1808,18,Kurşunlu,Q117289869,40.833333,33.25
1809,18,Merkez,Q2739668,40.601499,33.617086
1810,18,Orta,Q117050574,40.616667,33.1
1811,18,Şabanözü,Q49110602,40.474998,33.274998
1812,18,Yapraklı,Q49110135,40.768611,33.783889
1901,19,Alaca,Q49100520,,
1902,19,Bayat,Q15966527,40.65047,34.262352
1903,19,Boğazkale,Q117322686,40.016667,34.616667
1904,19,Dodurga,Q49103076,,
1905,19,İskilip,Q117336584,40.733333,34.466667
1906,19,Kargı,Q117336541,41.133333,34.483333
1907,19,Laçin,Q117336400,40.766667,34.883333
1908,19,Mecitözü,Q117336553,40.516667,35.3
1909,19,Merkez,Q25399088,40.537034,34.920639
1910,19,Oğuzlar,Q117336391,40.75,34.7
1911,19,Ortaköy,Q15961684,,
1912,19,Osmancık,Q2628739,40.970972,34.801528
1913,19,Sungurlu,Q14421288,40.161667,34.376111
1914,19,Uğurludağ,Q117317341,40.45,34.466667
2001,20,Acıpayam,Q49100331,37.435278,29.361389
2002,20,Babadağ,Q49101041,37.818333,28.868333
2003,20,Baklan,Q2474230,37.976944,29.608611
2004,20,Bekilli,Q49101257,38.240278,29.425556
2005,20,Beyağaç,Q853055,37.234167,28.896111
2006,20,Bozkurt,Q49101391,37.775833,29.608056
2007,20,Buldan,Q1003598,38.045,28.830556
2008,20,Çal,Q272352,38.083056,29.397222
2009,20,Çameli,Q2195108,37.076111,29.344722
2010,20,Çardak,Q272634,37.825,29.668611
2011,20,Çivril,Q272867,38.301389,29.740278
2012,20,Güney,,,
2013,20,Honaz,Q4879771,37.762727,29.306854
2014,20,Kale,Q2464681,37.448884,28.853118
2015,20,Merkezefendi,Q16895027,37.779489,29.082981
2016,20,Pamukkale,Q420157,37.762658,29.10171
2017,20,Sarayköy,Q49108739,37.9158,28.87999
2018,20,Serinhisar,Q49108838,37.591389,29.2725
2019,20,Tavas,Q1004555,37.572778,29.071111
2101,21,Bağlar,Q15989052,37.916736,40.210954
2102,21,Bismil,Q1958994,37.846111,40.663333
2103,21,Çermik,Q1911118,38.135694,39.454167
2104,21,Çınar,Q3423261,37.725601,40.415694
2105,21,Çüngüş,Q49110506,38.211667,39.288333
2106,21,Dicle,Q2934131,38.373333,40.075
2107,21,Eğil,Q1023322,38.257222,40.084722
2108,21,Ergani,Q49103329,38.265278,39.759722
2109,21,Hani,Q49104025,38.411389,40.396389
2110,21,Hazro,Q2526854,38.254167,40.780417
2111,21,Kayapınar,Q15989058,37.937978,40.17982
2112,21,Kocaköy,Q1023277,38.289722,40.501389
2113,21,Kulp,Q10782096,38.497222,41.010833
2114,21,Lice,Q1942525,38.458163,40.649581
2115,21,Silvan,Q2273905,38.1419,41.0071
2116,21,Sur,Q12710074,37.928506,40.268789
2117,21,Yenişehir,,,
2201,22,Enez,Q1912026,,
2202,22,Havsa,Q117272483,41.55,26.816667
2203,22,İpsala,Q344021,40.918704,26.383241
2204,22,Keşan,Q117272513,40.85,26.633333
2205,22,Lalapaşa,Q49106067,41.841944,26.740972
2206,22,Meriç,Q49106399,41.1925,26.425833
2207,22,Merkez,Q1911990,41.678889,26.555417
2208,22,Süloğlu,Q117455303,41.766667,26.916667
2209,22,Uzunköprü,Q14512178,41.266944,26.685278
2301,23,Ağın,Q49101030,38.94423,38.694598
2302,23,Alacakaya,Q115978659,38.45,39.866667
2303,23,Arıcak,Q116006581,38.566667,40.133333
2304,23,Baskil,Q810374,38.5675,38.823611
2305,23,Karakoçan,Q1868543,38.935065,40.052085
2306,23,Keban,Q115978913,38.8,38.75
2307,23,Kovancılar,Q116044805,38.716667,39.866667
2308,23,Maden,Q3032160,38.389702,39.669214
2309,23,Merkez,Q2963425,38.669763,39.21902
2310,23,Palu,Q2341599,38.695833,39.938472
2311,23,Sivrice,Q115978893,38.45,39.316667
2401,24,Çayırlı,Q117075012,39.8,40.033333
2402,24,İliç,Q117462023,39.45,38.566667
2403,24,Kemah,Q2544838,39.601257,39.034617
2404,24,Kemaliye,Q117462025,39.266667,38.5
2405,24,Merkez,Q4881497,39.748472,39.487222
2406,24,Otlukbeli,Q49107401,39.969444,40.019028
2407,24,Refahiye,Q117468564,39.9,38.766667
2408,24,Tercan,Q116986444,39.783333,40.383333
2409,24,Üzümlü,Q2570311,,
2501,25,Aşkale,Q49101039,39.930833,40.687222
2502,25,Aziziye,Q2641900,39.948629,41.113648
2503,25,Çat,Q272652,39.610556,40.978611
2504,25,Hınıs,Q1946099,39.356389,41.704722
2505,25,Horasan,Q374068,40.042222,42.167222
2506,25,İspir,Q2068148,40.4847,41.0005
2507,25,Karaçoban,Q49105293,39.351667,42.109722
2508,25,Karayazı,Q2070028,39.703611,42.143611
2509,25,Köprüköy,Q1939571,39.973056,41.8725
2510,25,Narman,Q1872374,40.347222,41.869444
2511,25,Oltu,Q2546707,40.545,41.995278
2512,25,Olur,Q2690744,40.8275,42.129444
2513,25,Palandöken,Q1004488,39.887778,41.264444
2514,25,Pasinler,Q2744950,39.982222,41.683056
2515,25,Pazaryolu,Q49107668,40.413889,40.7725
2516,25,Şenkaya,Q49110623,40.562222,42.345278
2517,25,Tekman,Q49109455,39.65,41.511667
2518,25,Tortum,Q49109576,40.296944,41.550833
2519,25,Uzundere,Q1843445,40.531667,41.548333
2520,25,Yakutiye,Q2577943,39.905,41.273056
2601,26,Alpu,Q49100557,39.778889,30.970278
2602,26,Beylikova,Q49101306,39.697222,31.211944
2603,26,Çifteler,,,
2604,26,Günyüzü,Q1919824,39.384167,31.809444
2605,26,Han,Q49104009,39.168889,30.866667
2606,26,İnönü,Q49110548,39.825278,30.160556
2607,26,Mahmudiye,Q2615120,39.507222,30.9925
2608,26,Mihalgazi,Q2397202,40.037222,30.583611
2609,26,Mihalıççık,Q377962,39.864167,31.495278
2610,26,Odunpazarı,Q49107201,39.89718,41.26911
2611,26,Sarıcakaya,Q3056019,40.046667,30.62
2612,26,Seyitgazi,Q1873555,39.444722,30.694722
2613,26,Sivrihisar,Q1019915,39.459444,31.524722
2614,26,Tepebaşı,Q3906371,39.7833,30.4833
2701,27,Araban,Q623678,37.424722,37.692778
2702,27,İslahiye,Q4923745,37.024444,36.634167
2703,27,Karkamış,Q1018531,36.83452,37.9983
2704,27,Nizip,Q13899160,37.010556,37.796111
2705,27,Nurdağı,Q117195946,37.176389,36.738333
2706,27,Oğuzeli,Q1022230,36.965,37.509167
2707,27,Şahinbey,Q2195037,37.05759,37.379401
2708,27,Şehitkamil,Q388703,37.074722,37.3975
2709,27,Yavuzeli,Q49110175,37.323333,37.569444
2801,28,Alucra,Q117468427,40.316667,38.766667
2802,28,Bulancak,Q117481270,40.766667,38.15
2803,28,Çamoluk,Q117481193,40.133333,38.733333
2804,28,Çanakçı,Q2008594,40.916111,38.990278
2805,28,Dereli,Q49102787,,
2806,28,Doğankent,Q117528168,40.8,38.916667
2807,28,Espiye,Q117528782,40.783333,38.766667
2808,28,Eynesil,Q117529046,41.033333,39.133333
2809,28,Görele,Q117530223,41,39.033333
2810,28,Güce,Q117528288,40.816667,38.816667
2811,28,Keşap,Q49105439,40.915268,38.515543
2812,28,Merkez,Q2912751,40.881274,38.376857
2813,28,Piraziz,Q117598950,40.933333,38.133333
2814,28,Şebinkarahisar,,,
2815,28,Tirebolu,Q49109527,40.986498,38.858233
2816,28,Yağlıdere,Q117468421,40.8,38.65
2901,29,Kelkit,Q49105410,40.131389,39.435278
2902,29,Köse,Q49105717,40.213472,39.651944
2903,29,Kürtün,Q13746538,40.684167,39.110139
2904,29,Merkez,Q1999114,,
2905,29,Şiran,Q2371499,40.190361,39.124838
2906,29,Torul,Q2390434,40.556668,39.296789
3001,30,Çukurca,Q2533500,37.3,43.55
3002,30,Derecik,Q116029774,,
3003,30,Merkez,Q2209990,37.574722,43.736111
3004,30,Şemdinli,Q4444751,37.313333,44.580278
3005,30,Yüksekova,Q2176882,37.566667,44.283333
3101,31,Altınözü,Q117789884,36.115556,36.248611
3102,31,Antakya,Q49100745,36.244444,36.201111
3103,31,Arsuz,Q49100847,36.411364,35.891356
3104,31,Belen,Q3976906,36.492222,36.193333
3105,31,Defne,Q49102747,,
3106,31,Dörtyol,Q2451734,36.837222,36.227222
3107,31,Erzin,Q49103350,36.952222,36.196111
3108,31,Hassa,Q2469391,36.798056,36.521389
3109,31,İskenderun,,,
3110,31,Kırıkhan,Q3032005,36.507647,36.382092
3111,31,Kumlu,Q1015322,36.362778,36.451111
3112,31,Payas,Q49107655,36.759908,36.209354
3113,31,Reyhanlı,Q49108069,36.263611,36.568333
3114,31,Samandağ,Q2782103,36.085202,35.973264
3115,31,Yayladağı,Q1811157,35.918813,36.07381
3201,32,Aksu,Q15995616,37.802907,31.074037
3202,32,Atabey,Q49100894,37.961111,30.645278
3203,32,Eğirdir,Q1911174,37.87556,30.832957
3204,32,Gelendost,Q2623010,38.123136,31.018557
3205,32,Gönen,Q2297581,37.957593,30.517963
3206,32,Keçiborlu,Q1320304,37.946528,30.301111
3207,32,Merkez,Q2204619,37.766667,30.55
3208,32,Şarkikaraağaç,Q1974411,38.084117,31.369167
3209,32,Senirkent,Q1937212,38.114167,30.554722
3210,32,Sütçüler,Q2581964,37.497625,30.981154
3211,32,Uluborlu,Q1952991,38.083696,30.451651
3212,32,Yalvaç,Q49110068,38.302917,31.186944
3213,32,Yenişarbademli,Q2002498,37.708383,31.379713
3301,33,Akdeniz,Q15995611,36.837306,34.660315
3302,33,Anamur,Q485575,36.080323,32.831211
3303,33,Aydıncık,Q3283977,36.153472,33.325694
3304,33,Bozyazı,Q896218,36.1,32.975
3305,33,Çamlıyayla,,,
3306,33,Erdemli,Q988315,36.605709,34.310287
3307,33,Gülnar,Q49103910,36.352778,33.403056
3308,33,Mezitli,Q1367930,36.75,34.533333
3309,33,Mut,,,
3310,33,Silifke,Q49109008,36.38869,33.94072
3311,33,Tarsus,Q2800095,,
3312,33,Toroslar,Q49109572,37.07858,34.55723
3313,33,Yenişehir,Q15995630,36.798921,34.580466
3401,34,Adalar,Q14814766,40.8753,29.0944
3402,34,Arnavutköy,Q691764,41.183333,28.733333
3403,34,Ataşehir,Q753882,40.983333,29.127778
3404,34,Avcılar,Q340148,40.979167,28.721389
3405,34,Bağcılar,Q49101229,41.04275,28.83625
3406,34,Bahçelievler,Q788634,40.9975,28.850556
3407,34,Bakırköy,Q752528,40.983056,28.853611
3408,34,Başakşehir,Q791607,41.083333,28.816667
3409,34,Bayrampaşa,Q791567,41.048056,28.900278
3410,34,Beşiktaş,Q459495,41.075278,29.0275
3411,34,Beykoz,Q794351,41.125,29.105556
3412,34,Beylikdüzü,Q49101303,41.00322,28.64067
3413,34,Beyoğlu,Q217411,41.031944,28.976111
3414,34,Büyükçekmece,Q840258,41.031111,28.548333
3415,34,Çatalca,Q1968049,,
3416,34,Çekmeköy,,,
3417,34,Esenler,Q378714,41.053611,28.871667
3418,34,Esenyurt,Q268983,41.047,28.658
3419,34,Eyüpsultan,,,
3420,34,Fatih,Q732923,41.011389,28.950278
3421,34,Gaziosmanpaşa,Q49103638,41.08232,28.897915
3422,34,Güngören,Q932166,41.021111,28.878056
3423,34,Kadıköy,Q932886,40.986944,29.036667
3424,34,Kağıthane,Q284489,41.086111,28.980556
3425,34,Kartal,Q639014,40.906389,29.211111
3426,34,Küçükçekmece,Q639240,41.021944,28.777222
3427,34,Maltepe,Q739547,40.924722,29.130833
3428,34,Pendik,Q857056,40.910556,29.296111
3429,34,Sancaktepe,Q49108520,40.98949,29.2432
3430,34,Sarıyer,Q857107,41.173333,29.046667
3431,34,Şile,Q141623322,,
3432,34,Silivri,Q1967926,,
3433,34,Şişli,Q390637,41.059444,28.986944
3434,34,Sultanbeyli,Q673890,40.967778,29.266667
3435,34,Sultangazi,Q268747,41.10371,28.87217
3436,34,Tuzla,Q938548,40.88177,29.3469
3437,34,Ümraniye,Q334924,41.02083,29.12042
3438,34,Üsküdar,Q49110521,41.02841,29.05979
3439,34,Zeytinburnu,Q49371639,40.99441,28.90417
3501,35,Aliağa,,,
3502,35,Balçova,Q2636596,38.392222,27.046389
3503,35,Bayındır,Q2192593,38.224167,27.647222
3504,35,Bayraklı,Q812591,38.462222,27.166667
3505,35,Bergama,Q1911139,39.1225,27.181667
3506,35,Beydağ,Q1831365,38.086944,28.208889
3507,35,Bornova,Q894012,38.466065,27.219072
3508,35,Buca,Q2672826,38.388611,27.171944
3509,35,Çeşme,Q1911051,38.316667,26.3
3510,35,Çiğli,Q1908058,38.496667,27.063889
3511,35,Dikili,Q49102848,39.078333,26.906944
3512,35,Foça,Q1921294,38.668889,26.752778
3513,35,Gaziemir,Q1496685,38.325833,27.137222
3514,35,Güzelbahçe,Q1562333,38.359722,26.888056
3515,35,Karabağlar,Q3123584,38.384722,27.113333
3516,35,Karaburun,Q743314,38.635914,26.509731
3517,35,Karşıyaka,Q2670720,38.476111,27.101944
3518,35,Kemalpaşa,Q2527260,38.427222,27.418611
3519,35,Kınık,Q2366554,39.085556,27.382222
3520,35,Kiraz,Q2709049,38.2306,28.2044
3521,35,Konak,Q1871530,38.41448,27.14412
3522,35,Menderes,Q2005403,38.203597,27.126424
3523,35,Menemen,Q49106391,38.61608,27.06315
3524,35,Narlıdere,Q643505,38.394444,27.009722
3525,35,Ödemiş,Q293927,38.231111,27.971944
3526,35,Seferihisar,Q2523774,38.1975,26.83881
3527,35,Selçuk,Q1966755,37.95,27.366667
3528,35,Tire,Q2747929,38.086667,27.735
3529,35,Torbalı,Q1011344,38.151356,27.361621
3530,35,Urla,Q2343342,38.3325,26.768889
3601,36,Akyaka,Q117599942,40.75,43.633333
3602,36,Arpaçay,Q49100846,40.848056,43.331111
3603,36,Digor,Q117599946,40.383333,43.416667
3604,36,Kağızman,Q2097604,40.143721,43.12404
3605,36,Merkez,Q2583548,40.606389,43.098472
3606,36,Sarıkamış,Q2151715,40.332755,42.582259
3607,36,Selim,Q49108817,40.465556,42.786528
3608,36,Susuz,Q117600859,40.783333,43.133333
3701,37,Abana,Q117230988,41.966667,34.016667
3702,37,Ağlı,Q117230984,41.716667,33.55
3703,37,Araç,Q2909992,41.246389,33.330833
3704,37,Azdavay,Q117231105,41.65,33.3
3705,37,Bozkurt,Q49101394,41.950556,34.02625
3706,37,Çatalzeytin,Q117252895,41.95,34.216667
3707,37,Cide,Q2626226,41.890386,33.009132
3708,37,Daday,Q2674056,41.476667,33.464444
3709,37,Devrekani,Q117253542,41.6,33.833333
3710,37,Doğanyurt,Q2861496,42.002473,33.455433
3711,37,Hanönü,Q117252744,41.633333,34.466667
3712,37,İhsangazi,Q117252761,41.183333,33.55
3713,37,İnebolu,Q2523477,41.966111,33.765556
3714,37,Küre,Q49105723,41.808194,33.716389
3715,37,Merkez,Q1958465,41.372222,33.771111
3716,37,Pınarbaşı,Q49107738,41.615,33.113056
3717,37,Şenpazar,Q117252778,41.8,33.266667
3718,37,Seydiler,Q14333722,41.6175,33.735139
3719,37,Taşköprü,Q49109449,41.518333,34.202778
3720,37,Tosya,Q117272530,41.1,34.033333
3801,38,Akkışla,Q2670788,39,36.166667
3802,38,Bünyan,Q49101511,38.854722,35.851944
3803,38,Develi,Q2414650,,
3804,38,Felahiye,Q2674038,39.09,35.566944
3805,38,Hacılar,Q785077,38.645833,35.449167
3806,38,İncesu,Q14530299,38.630612,35.188776
3807,38,Kocasinan,Q2355838,38.735556,35.479722
3808,38,Melikgazi,Q2670975,38.720278,35.500278
3809,38,Özvatan,Q2671072,39.106111,35.698889
3810,38,Pınarbaşı,Q4027128,38.727639,36.386389
3811,38,Sarıoğlan,Q49108756,39.087778,35.974444
3812,38,Sarız,Q2364235,38.479167,36.500556
3813,38,Talas,Q49109327,38.701667,35.560556
3814,38,Tomarza,Q49109541,38.457778,35.804722
3815,38,Yahyalı,,,
3816,38,Yeşilhisar,Q14523630,38.343144,35.102246
3901,39,Babaeski,Q15963247,41.4333,27.1
3902,39,Demirköy,Q1023149,41.823,27.772856
3903,39,Kofçaz,Q55670379,41.933333,27.166667
3904,39,Lüleburgaz,Q1947903,41.411364,27.363153
3905,39,Merkez,Q13746545,41.735556,27.224444
3906,39,Pehlivanköy,Q14067206,41.348056,26.919722
3907,39,Pınarhisar,,,
3908,39,Vize,Q49109915,41.583056,27.774444
4001,40,Akçakent,Q13428856,39.628472,34.090417
4002,40,Akpınar,Q2246741,39.455,33.967778
4003,40,Boztepe,Q4310459,39.274722,34.264028
4004,40,Çiçekdağı,Q15982671,39.61,34.417639
4005,40,Kaman,Q1837352,39.358685,33.722903
4006,40,Merkez,Q1945209,39.147982,34.163676
4007,40,Mucur,Q2094470,39.062778,34.376667
4101,41,Başiskele,Q16468567,40.67802,29.955258
4102,41,Çayırova,Q16468560,40.828925,29.388551
4103,41,Darıca,Q986398,40.759167,29.385278
4104,41,Derince,Q13572116,40.76,29.81
4105,41,Dilovası,Q2473716,40.784388,29.538573
4106,41,Gebze,Q49103654,40.89757,29.55055
4107,41,Gölcük,Q3130309,40.72,29.820278
4108,41,İzmit,Q1958650,,
4109,41,Kandıra,Q1022149,41.07,30.15
4110,41,Karamürsel,Q2248693,40.691389,29.615556
4111,41,Kartepe,Q16468576,,
4112,41,Körfez,Q1900670,40.769861,29.786389
4201,42,Ahırlı,Q389815,37.2375,32.118056
4202,42,Akören,Q2313013,37.456944,32.369444
4203,42,Akşehir,Q1958767,,
4204,42,Altınekin,Q49100563,38.317778,32.874444
4205,42,Beyşehir,Q1958793,,
4206,42,Bozkır,Q2086324,37.189722,32.247222
4207,42,Çeltik,Q49110461,39.033889,31.794167
4208,42,Cihanbeyli,Q10452864,38.67131,32.92522
4209,42,Çumra,Q49110504,37.581667,32.779722
4210,42,Derbent,Q49102780,38.024167,32.024722
4211,42,Derebucak,Q2671048,37.393611,31.5075
4212,42,Doğanhisar,Q13574171,38.146111,31.676944
4213,42,Emirgazi,Q2218549,37.902222,33.837222
4214,42,Ereğli,Q2308773,37.518194,34.051667
4215,42,Güneysınır,Q3056013,37.298056,32.721111
4216,42,Hadim,Q349498,36.988333,32.456944
4217,42,Halkapınar,Q3067447,37.43875,34.190278
4218,42,Hüyük,Q49104560,37.963333,31.6
4219,42,Ilgın,Q2196201,38.285694,31.915139
4220,42,Kadınhanı,Q2313597,38.239722,32.211389
4221,42,Karapınar,Q2140670,37.715833,33.547778
4222,42,Karatay,Q13741536,,
4223,42,Kulu,Q1948486,39.09,33.080833
4224,42,Meram,Q3055997,37.836389,32.438333
4225,42,Sarayönü,Q2073541,38.266111,32.406389
4226,42,Selçuklu,,,
4227,42,Seydişehir,Q2192534,37.42,31.848611
4228,42,Taşkent,Q49109446,36.933889,32.495278
4229,42,Tuzlukçu,Q2789550,38.4775,31.626389
4230,42,Yalıhüyük,Q2116467,37.3,32.083333
4231,42,Yunak,Q2901077,38.816111,31.733056
4301,43,Altıntaş,Q49100568,39.068056,30.118611
4302,43,Aslanapa,Q2534870,39.22125,29.874444
4303,43,Çavdarhisar,Q2424690,39.195833,29.619444
4304,43,Domaniç,Q1816825,39.803889,29.61713
4305,43,Dumlupınar,Q2421723,38.860278,29.983519
4306,43,Emet,Q1859664,39.333333,29.266667
4307,43,Gediz,Q1958867,39.026389,29.400417
4308,43,Hisarcık,Q2598459,39.253519,29.235
4309,43,Merkez,Q1958902,39.416667,29.983333
4310,43,Pazarlar,Q14062615,38.994722,29.123056
4311,43,Şaphane,Q49110607,39.034722,29.222083
4312,43,Simav,Q1948344,39.083333,28.983333
4313,43,Tavşanlı,Q2512452,39.542763,29.497293
4401,44,Akçadağ,Q424674,38.344167,37.974167
4402,44,Arapgir,Q1830219,39.046639,38.49575
4403,44,Arguvan,Q49100825,38.78172,38.26349
4404,44,Battalgazi,Q810916,38.422778,38.365556
4405,44,Darende,Q1003964,38.556389,37.493611
4406,44,Doğanşehir,Q49103116,38.091389,37.876944
4407,44,Doğanyol,Q49103109,38.31008,39.03756
4408,44,Hekimhan,Q990206,38.816389,37.932778
4409,44,Kale,Q49105164,38.397778,38.744167
4410,44,Kuluncak,Q49105640,38.8825,37.671944
4411,44,Pütürge,Q1019922,38.196667,38.869722
4412,44,Yazıhan,Q1027147,38.595556,38.179722
4413,44,Yeşilyurt,Q2438486,38.302361,38.250278
4501,45,Ahmetli,Q2248722,38.528889,27.944722
4502,45,Akhisar,,,
4503,45,Alaşehir,Q15869633,38.345278,28.517222
4504,45,Demirci,Q2448237,39.045278,28.655556
4505,45,Gölmarmara,Q2551174,38.711944,27.914722
4506,45,Gördes,Q1827015,38.933056,28.288611
4507,45,Kırkağaç,Q1948452,39.105556,27.673056
4508,45,Köprübaşı,Q2911603,38.748611,28.403056
4509,45,Kula,Q4027542,38.557069,28.644063
4510,45,Salihli,Q2187863,38.486944,28.138333
4511,45,Sarıgöl,Q1947487,38.238227,28.696491
4512,45,Saruhanlı,Q49108766,38.76778,27.64714
4513,45,Şehzadeler,Q16961654,38.6166,27.43861
4514,45,Selendi,Q49108814,38.754722,28.873889
4515,45,Soma,Q138464381,39.188333,27.608889
4516,45,Turgutlu,Q847308,38.5,27.7
4517,45,Yunusemre,,,
4601,46,Afşin,Q389650,38.258056,36.918889
4602,46,Andırın,Q49100689,37.587778,36.361111
4603,46,Çağlayancerit,Q49110452,37.749722,37.290278
4604,46,Dulkadiroğlu,Q49103124,37.56857,36.88471
4605,46,Ekinözü,Q1018536,38.061667,37.192778
4606,46,Elbistan,Q1958104,38.207778,37.194028
4607,46,Göksun,Q939677,38.016667,36.5
4608,46,Nurhak,Q509011,37.965435,37.448478
4609,46,Onikişubat,,,
4610,46,Pazarcık,Q49107663,37.489444,37.296667
4611,46,Türkoğlu,Q993676,37.381667,36.851111
4701,47,Artuklu,Q2002518,37.306741,40.746133
4702,47,Dargeçit,Q116169636,37.558333,41.758333
4703,47,Derik,Q176086,37.364444,40.268889
4704,47,Kızıltepe,Q2194160,37.193056,40.586944
4705,47,Mazıdağı,Q116257412,,
4706,47,Midyat,Q2314602,37.379167,41.345833
4707,47,Nusaybin,Q3267420,37.110417,41.243333
4708,47,Ömerli,Q4722370,37.38537,40.985
4709,47,Savur,Q1004614,37.5375,40.889167
4710,47,Yeşilli,Q116205236,37.316667,40.861111
4801,48,Bodrum,Q1960660,37.049306,27.464234
4802,48,Dalaman,,,
4803,48,Datça,Q1838640,36.728611,27.686667
4804,48,Fethiye,Q1966463,36.652832,29.12591
4805,48,Kavaklıdere,,,
4806,48,Köyceğiz,Q2860284,36.957778,28.688333
4807,48,Marmaris,Q4285705,36.853611,28.266111
4808,48,Menteşe,Q6817536,37.217878,28.364594
4809,48,Milas,Q1966485,37.311389,27.781111
4810,48,Ortaca,Q15963264,36.839306,28.772222
4811,48,Seydikemer,Q6620651,36.647994,29.361692
4812,48,Ula,Q1803032,37.102222,28.417778
4813,48,Yatağan,Q177880,37.3425,28.139167
4901,49,Bulanık,Q2614475,39.0961,42.268824
4902,49,Hasköy,Q2130495,38.685629,41.688656
4903,49,Korkut,Q3010236,38.735972,41.784444
4904,49,Malazgirt,Q2028809,39.149167,42.544444
4905,49,Merkez,Q2012030,,
4906,49,Varto,Q49109855,39.170833,41.454444
5001,50,Acıgöl,Q49100329,38.555556,34.516944
5002,50,Avanos,Q49100953,38.720313,34.851565
5003,50,Derinkuyu,Q2401967,38.36233,34.735108
5004,50,Gülşehir,Q2557174,38.749419,34.622069
5005,50,Hacıbektaş,Q2404697,38.943611,34.560556
5006,50,Kozaklı,Q4396809,39.221806,34.852137
5007,50,Merkez,Q2440301,38.618834,34.703457
5008,50,Ürgüp,Q4391092,38.632045,34.914025
5101,51,Altunhisar,Q49100599,38.000278,34.363611
5102,51,Bor,Q1938725,37.869478,34.541582
5103,51,Çamardı,Q14530264,37.835998,34.986258
5104,51,Çiftlik,Q2129137,38.176111,34.484444
5105,51,Merkez,Q2184900,,
5106,51,Ulukışla,Q3150097,,
5201,52,Akkuş,Q49100464,40.81,36.96
5202,52,Altınordu,,,
5203,52,Aybastı,Q1855544,40.684722,37.398889
5204,52,Çamaş,Q49110398,40.908333,37.521667
5205,52,Çatalpınar,Q2158475,40.878986,37.453177
5206,52,Çaybaşı,Q2475341,41.0175,37.098611
5207,52,Fatsa,Q2046545,41.030833,37.499722
5208,52,Gölköy,Q2140352,40.686944,37.613056
5209,52,Gülyalı,Q2670812,40.966944,38.056667
5210,52,Gürgentepe,Q2329135,40.791111,37.600833
5211,52,İkizce,Q2568279,41.053056,37.0775
5212,52,Kabadüz,Q2502626,40.859722,37.89
5213,52,Kabataş,Q2687507,40.756111,37.454167
5214,52,Korgan,Q1885052,40.828889,37.343611
5215,52,Kumru,Q49105644,40.883611,37.276111
5216,52,Mesudiye,Q2429773,40.464028,37.774028
5217,52,Perşembe,Q49107694,41.060556,37.763889
5218,52,Ulubey,Q49109755,40.873611,37.758889
5219,52,Ünye,Q334985,41.127057,37.288215
5301,53,Ardeşen,Q49100806,41.184452,40.984862
5302,53,Çamlıhemşin,Q117148242,40.933333,41.033333
5303,53,Çayeli,Q117148419,40.75,41.066667
5304,53,Derepazarı,Q2681203,41.020556,40.429028
5305,53,Fındıklı,Q2712698,,
5306,53,Güneysu,Q1916684,,
5307,53,Hemşin,Q117148166,41.05,40.9
5308,53,İkizdere,Q2571447,40.748056,40.587917
5309,53,İyidere,Q3245803,41.007183,40.368698
5310,53,Kalkandere,Q2575554,40.930694,40.446111
5311,53,Merkez,Q2282923,41.021111,40.520278
5312,53,Pazar,Q5490978,41.173333,40.884537
5401,54,Adapazarı,,,
5402,54,Akyazı,Q424435,40.683333,30.625278
5403,54,Arifiye,Q3696167,40.71327,30.36128
5404,54,Erenler,Q6044732,40.755833,30.415278
5405,54,Ferizli,Q2340133,40.940175,30.484618
5406,54,Geyve,Q2248743,40.509055,30.290251
5407,54,Hendek,Q1011270,40.796389,30.746111
5408,54,Karapürçek,Q1728980,40.6425,30.538611
5409,54,Karasu,Q2191303,41.094167,30.691667
5410,54,Kaynarca,Q49105381,41.040556,30.296111
5411,54,Kocaali,Q2955697,41.054167,30.851111
5412,54,Pamukova,Q1947514,40.505623,30.169305
5413,54,Sapanca,Q49108711,40.702222,30.274444
5414,54,Serdivan,Q3906617,40.765278,30.360833
5415,54,Söğütlü,Q2804008,40.903611,30.471111
5416,54,Taraklı,Q2266583,40.39694,30.49278
5501,55,19 Mayıs,Q10802916,41.511944,36.073056
5502,55,Alaçam,Q1947471,41.61,35.595
5503,55,Asarcık,Q2262525,41.036029,36.234821
5504,55,Atakum,Q4812671,41.323333,36.294444
5505,55,Ayvacık,Q49101017,41.0025,36.636944
5506,55,Bafra,Q49101057,41.46082,35.84435
5507,55,Canik,Q2634212,41.271944,36.350833
5508,55,Çarşamba,Q49110417,41.210556,36.731944
5509,55,Havza,Q49104079,40.979722,35.671111
5510,55,İlkadım,Q3906369,41.2833,36.3333
5511,55,Kavak,Q49105369,41.087778,36.051944
5512,55,Ladik,Q1863975,40.911944,35.894722
5513,55,Salıpazarı,Q2671116,41.081283,36.825802
5514,55,Tekkeköy,Q2530261,41.2125,36.456944
5515,55,Terme,Q49109474,41.218889,36.9825
5516,55,Vezirköprü,Q1819387,41.147479,35.459913
5517,55,Yakakent,Q1858384,41.6325,35.523889
5601,56,Baykan,Q49101216,38.163056,41.784167
5602,56,Eruh,Q116312072,,
5603,56,Kurtalan,Q116482977,,
5604,56,Merkez,Q2278307,37.922779,41.929582
5605,56,Pervari,Q116442640,,
5606,56,Şirvan,,,
5607,56,Tillo,,,
5701,57,Ayancık,Q2235310,41.9425,34.588333
5702,57,Boyabat,Q2168792,41.470371,34.770306
5703,57,Dikmen,Q2379923,41.642222,35.265833
5704,57,Durağan,Q2026398,41.415,35.053611
5705,57,Erfelek,Q1872912,41.883967,34.916901
5706,57,Gerze,Q2014028,41.766667,35.166667
5707,57,Merkez,Q2598233,,
5708,57,Saraydüzü,Q1834901,41.333333,34.85
5709,57,Türkeli,Q2166363,41.948333,34.336944
5801,58,Akıncılar,Q49100452,40.080972,38.348056
5802,58,Altınyayla,Q49100572,39.274444,36.753472
5803,58,Divriği,Q2755924,39.372222,38.118333
5804,58,Doğanşar,Q2198211,40.215011,37.535335
5805,58,Gemerek,Q49103664,39.188611,36.072222
5806,58,Gölova,Q3239548,40.063889,38.604167
5807,58,Gürün,Q49103942,38.724722,37.279306
5808,58,Hafik,Q1980478,39.858472,37.390278
5809,58,İmranlı,Q2628979,39.881279,38.122001
5810,58,Kangal,Q4319786,39.23744,37.389942
5811,58,Koyulhisar,Q2621637,40.300804,37.83287
5812,58,Merkez,Q2545979,39.737043,37.003613
5813,58,Şarkışla,Q2794185,39.354074,36.409271
5814,58,Suşehri,Q2319523,40.164266,38.091565
5815,58,Ulaş,Q2192942,,
5816,58,Yıldızeli,Q2235001,39.869828,36.601977
5817,58,Zara,Q49110333,39.86203,37.762495
5901,59,Çerkezköy,Q2678987,41.287803,28.002149
5902,59,Çorlu,Q2834288,41.180167,27.795406
5903,59,Ergene,Q49103334,41.17386,27.63971
5904,59,Hayrabolu,Q2924221,41.224447,27.119477
5905,59,Kapaklı,Q49105242,41.33864,27.97711
5906,59,Malkara,Q2227273,40.896657,26.908185
5907,59,Marmaraereğlisi,,,
5908,59,Muratlı,,,
5909,59,Saray,Q1836514,41.454722,27.937222
5910,59,Şarköy,Q2193311,40.614167,27.113611
5911,59,Süleymanpaşa,Q16897309,40.9833,27.5167
6001,60,Almus,Q49100552,40.376528,36.906389
6002,60,Artova,Q13430613,40.121806,36.303611
6003,60,Başçiftlik,Q2671099,40.54694,37.16917
6004,60,Erbaa,Q49103311,40.690283,36.580153
6005,60,Merkez,Q25399091,40.316667,36.55
6006,60,Niksar,Q5512183,40.586528,36.959583
6007,60,Pazar,Q49107661,40.276806,36.304306
6008,60,Reşadiye,Q49108071,40.408087,37.354927
6009,60,Sulusaray,Q3958464,40.000712,36.090588
6010,60,Turhal,Q1999421,40.389579,36.085702
6011,60,Yeşilyurt,Q1966845,40.00192,36.223995
6012,60,Zile,Q3439134,40.300972,35.885
6101,61,Akçaabat,Q2610839,41.020406,39.567298
6102,61,Araklı,Q764830,40.935821,40.058041
6103,61,Arsin,,,
6104,61,Beşikdüzü,Q1973673,41.052078,39.227972
6105,61,Çarşıbaşı,Q2901047,41.082581,39.378486
6106,61,Çaykara,Q17993047,40.744128,40.236872
6107,61,Dernekpazarı,Q49102803,40.799167,40.247222
6108,61,Düzköy,Q2670825,40.874167,39.425556
6109,61,Hayrat,Q49104088,40.891389,40.3675
6110,61,Köprübaşı,Q49105710,40.808333,40.122778
6111,61,Maçka,Q2144595,40.811111,39.613611
6112,61,Of,Q2260832,40.94625,40.268889
6113,61,Ortahisar,Q25399089,40.99817,39.69946
6114,61,Şalpazarı,Q49110606,40.946111,39.178056
6115,61,Sürmene,,,
6116,61,Tonya,Q14496723,40.885833,39.290833
6117,61,Vakfıkebir,Q49109846,40.99562,39.32627
6118,61,Yomra,Q2179932,40.959246,39.847125
6201,62,Çemişgezek,Q116797333,39.066667,38.9
6202,62,Hozat,Q116947438,39.1,39.216667
6203,62,Mazgirt,Q116783840,38.95,39.716667
6204,62,Merkez,Q4924439,39.137128,39.539053
6205,62,Nazımiye,Q2286641,39.190556,39.831111
6206,62,Ovacık,Q1848850,39.361019,39.216296
6207,62,Pertek,Q2540906,38.867083,39.329167
6208,62,Pülümür,Q116954254,39.466667,39.983333
6301,63,Akçakale,Q13428855,36.713333,38.948333
6302,63,Birecik,Q49101346,37.033889,37.996667
6303,63,Bozova,Q49101396,37.370833,38.533333
6304,63,Ceylanpınar,Q917838,36.846111,40.048889
6305,63,Eyyübiye,,,
6306,63,Halfeti,Q49103996,37.253889,37.879444
6307,63,Haliliye,,,
6308,63,Harran,Q1967756,36.863889,39.029444
6309,63,Hilvan,Q990319,37.588611,38.955556
6310,63,Karaköprü,,,
6311,63,Siverek,Q3379626,37.757778,39.319861
6312,63,Suruç,Q2203170,36.976944,38.426111
6313,63,Viranşehir,Q2430648,37.236111,39.762222
6401,64,Banaz,Q49101138,38.746667,29.758056
6402,64,Eşme,Q2733614,38.403247,28.970547
6403,64,Karahallı,Q2198340,38.322911,29.528752
6404,64,Merkez,Q2346605,,
6405,64,Sivaslı,Q14358589,38.502732,29.68482
6406,64,Ulubey,Q49109754,38.423194,29.289861
6501,65,Bahçesaray,Q49101082,38.126389,42.805
6502,65,Başkale,Q812759,38.046111,44.015
6503,65,Çaldıran,Q2036619,39.146212,43.913275
6504,65,Çatak,Q272667,38.007778,43.061944
6505,65,Edremit,Q2647150,38.402132,43.279459
6506,65,Erciş,Q1911586,,
6507,65,Gevaş,Q1004597,38.293889,43.105278
6508,65,Gürpınar,Q2342146,38.323889,43.410278
6509,65,İpekyolu,,,
6510,65,Muradiye,Q1000878,38.994722,43.768056
6511,65,Özalp,Q307726,38.658333,43.989444
6512,65,Saray,Q49108732,38.655,44.177222
6513,65,Tuşba,,,
6601,66,Akdağmadeni,Q49100444,39.665417,35.890417
6602,66,Aydıncık,Q2474862,40.123194,35.27625
6603,66,Boğazlıyan,Q1869200,39.196389,35.248056
6604,66,Çandır,Q2367349,39.25,35.516667
6605,66,Çayıralan,Q2225384,39.306944,35.650833
6606,66,Çekerek,Q2936772,40.073971,35.497972
6607,66,Kadışehri,Q1991466,39.997222,35.791667
6608,66,Merkez,Q2705482,39.821667,34.805
6609,66,Saraykent,Q2372316,39.699167,35.514352
6610,66,Sarıkaya,Q2007700,39.497361,35.38
6611,66,Şefaatli,Q49110616,39.500417,34.756944
6612,66,Sorgun,Q2595151,39.818472,35.187639
6613,66,Yenifakılı,Q3306177,39.207611,35.005874
6614,66,Yerköy,Q2854924,39.638584,34.472833
6701,67,Alaplı,Q118898913,41.133333,31.466667
6702,67,Çaycuma,Q15961688,41.437941,32.086698
6703,67,Devrek,Q117468494,41.233333,31.966667
6704,67,Ereğli,,,
6705,67,Gökçebey,Q13649767,41.306667,32.141528
6706,67,Kilimli,Q49105464,41.482857,31.858627
6707,67,Kozlu,Q49105606,41.399548,31.732933
6708,67,Merkez,Q14528487,41.4425,31.795
6801,68,Ağaçören,Q2478072,38.878915,33.919032
6802,68,Eskil,Q49103364,38.28711,33.3905
6803,68,Gülağaç,Q116674327,,
6804,68,Güzelyurt,Q2303836,38.282407,34.36713
6805,68,Merkez,Q1977993,38.369922,34.02994
6806,68,Ortaköy,Q13966389,38.739074,34.038796
6807,68,Sarıyahşi,Q116701049,38.983333,33.85
6808,68,Sultanhanı,Q116692571,38.25,33.55
6901,69,Aydıntepe,Q1828886,40.391389,40.147222
6902,69,Demirözü,Q116824765,40.166667,39.9
6903,69,Merkez,Q2474878,40.263316,40.230165
7001,70,Ayrancı,Q1958426,37.361004,33.68837
7002,70,Başyayla,Q4040233,36.756111,32.685972
7003,70,Ermenek,Q2432620,36.636806,32.886944
7004,70,Kazımkarabekir,Q1866092,37.240278,32.964167
7005,70,Merkez,Q2625002,37.181667,33.215278
7006,70,Sarıveliler,Q1866949,36.70006,32.619312
7101,71,Bahşılı,Q4668881,39.804861,33.437083
7102,71,Balışeyh,Q117613008,39.916667,33.716667
7103,71,Çelebi,Q2424608,39.467,33.517
7104,71,Delice,Q2499402,39.957222,34.02375
7105,71,Karakeçili,Q1916491,39.594006,33.375647
7106,71,Keskin,Q49105431,39.674722,33.609167
7107,71,Merkez,Q2317097,39.845465,33.513099
7108,71,Sulakyurt,Q118875357,40.15,33.716667
7109,71,Yahşihan,Q117613001,39.85,33.45
7201,72,Beşiri,Q116777002,37.916667,41.3
7202,72,Gercüş,Q116769263,37.566667,41.383333
7203,72,Hasankeyf,Q2125354,37.708796,41.443796
7204,72,Kozluk,Q116788602,38.2,41.483333
7205,72,Merkez,Q1902897,37.872133,41.148544
7206,72,Sason,Q14313280,38.334722,41.42
7301,73,Beytüşşebap,Q116147978,37.606944,43.1
7302,73,Cizre,Q3961214,37.313194,42.153889
7303,73,Güçlükonak,Q116147963,37.533333,41.95
7304,73,İdil,Q49110525,37.341667,41.888333
7305,73,Merkez,Q2264974,37.524832,42.419254
7306,73,Silopi,Q116147973,37.266667,42.5
7307,73,Uludere,Q2322386,,
7401,74,Amasra,Q15960770,41.737778,32.394444
7402,74,Kurucaşile,Q2238727,41.828889,32.719444
7403,74,Merkez,Q2554791,41.63,32.3375
7404,74,Ulus,Q14510654,41.593611,32.650556
7501,75,Çıldır,Q116745151,41.133333,43.133333
7502,75,Damal,Q116756120,41.35,42.85
7503,75,Göle,Q116745194,40.8,42.616667
7504,75,Hanak,Q116756157,41.233333,42.85
7505,75,Merkez,Q1828238,41.116389,42.700833
7506,75,Posof,Q116756252,41.133333,43.133333
7601,76,Aralık,Q49100785,39.883056,44.523333
7602,76,Karakoyunlu,Q49105266,,
7603,76,Merkez,Q2490719,39.91875,44.047361
7604,76,Tuzluca,Q2693219,40.042963,43.660463
7701,77,Altınova,Q49100567,40.694028,29.516389
7702,77,Armutlu,Q2019343,40.518194,28.830694
7703,77,Çiftlikköy,Q2286178,40.654432,29.332401
7704,77,Çınarcık,Q3104061,40.637447,29.12516
7705,77,Merkez,Q1966811,40.65,29.266667
7706,77,Termal,Q2670606,40.606657,29.173894
7801,78,Eflani,Q117542159,41.416667,32.95
7802,78,Eskipazar,Q2317269,40.946944,32.532639
7803,78,Merkez,Q2167840,41.200833,32.626667
7804,78,Ovacık,Q3128670,41.075556,32.918333
7805,78,Safranbolu,Q2662858,41.247222,32.687639
7806,78,Yenice,Q49110193,41.205139,32.335
7901,79,Elbeyli,Q117219217,36.674167,37.465556
7902,79,Merkez,Q2468544,36.73574,37.085091
7903,79,Musabeyli,Q117230975,36.886389,36.918333
7904,79,Polateli,Q117219221,36.843333,37.144167
8001,80,Bahçe,Q2672796,37.200556,36.580139
8002,80,Düziçi,Q15995620,37.241667,36.454722
8003,80,Hasanbeyli,Q2218236,37.131111,36.556111
8004,80,Kadirli,Q2184902,37.373555,36.101959
8005,80,Merkez,Q2519013,37.076892,36.250594
8006,80,Sumbas,Q119507897,37.45,36.033333
8007,80,Toprakkale,Q2230001,37.067361,36.147222
8101,81,Akçakoca,Q117354824,41.033333,31.116667
8102,81,Çilimli,Q117374142,40.9,31.05
8103,81,Cumayeri,Q117354752,40.866667,30.95
8104,81,Gölyaka,Q117421723,40.75,30.983333
8105,81,Gümüşova,Q117421718,40.85,30.933333
8106,81,Kaynaşlı,Q2116204,40.769722,31.315972
8107,81,Merkez,Q2313103,40.835972,31.164028
8108,81,Yığılca,Q117421786,40.966667,31.45
